CREATE TABLE STUDENTS (Name Varchar(100) not null, Student_ID Int Primary key, Student_Age int); 
insert into STUDENTS values 
('Saikrishna',2000,22),
('Rohan_Karthik',2001,24),
('Sarvani',2002,21),
('Harsitha',2004,22),
('Rishitha',2005,21),
('Rupa_Devi',2006,21),
('Shushma',2007,20),
('Pragathi',2008,21),
('Payal_Balaji',2009,21),
('Tejaswini',2010,21),
('Shubham_Singh',2011,22),
('Sai_Karthik',2012,22),
('Praneeth',2013,21),
('Varun',2014,24),
('Abhishek',2015,23),
('Sanjana_Gupta',2016,23),
('Suresh_Gupta',2017,24),
('Jyothi_Naidu',2018,25),
('Jyothi_Mudhiraj',2019,19),
('Jyothi_Sai',2020,25),
('Naga_Singh',2021,22),
('Lokesh_Patel',2022,23),
('Karthik_Singh',2023,18),
('Ganesh_Verma',2024,19),
('Sneha_Verma',2025,19),
('Teja_Gupta',2026,21),
('Radhika_Patel',2027,18),
('Anjali_Patel',2028,21),
('Pavan_Krishna',2029,23),
('Eshwari_Gupta',2030,23),
('Rajesh_Gupta',2031,25),
('Shreya_Vyas',2032,24),
('Saritha_Krishna',2033,25),
('Eshwar_Devi',2034,24),
('Raju_Prasad',2035,21),
('Eshwar_Gupta',2036,21),
('Prakash_Gupta',2037,24),
('Yeshwanth_Vyas',2038,23),
('Ganesh_Krishna',2039,20),
('Tejaswi_Gupta',2040,18),
('Sunitha_Goud',2041,18),
('Sumanth_Sai',2042,24),
('Lavanya_Verma',2043,18),
('Koushik_Srinivas',2044,19),
('Varsha_Prasad',2045,22),
('Vinod_Naidu',2046,22),
('Charan_Murthy',2047,21),
('Amrutha_Singh',2048,25),
('Uma_Rao',2049,25),
('Arjun_Gupta',2050,18),
('Madhavi_Verma',2051,23),
('Anusha_Chowdary',2052,25),
('Bindu_Prakash',2053,21),
('Amith_Vyas',2054,22),
('Sravani_Patel',2055,22),
('Lavanya_Yadav',2056,22),
('Kalyan_Chandra',2057,18),
('Rakesh_Raj',2058,18),
('Ranjith_Naidu',2059,21),
('Sravani_Srinivas',2060,19),
('Pramod_Prakash',2061,20),
('Uday_Rao',2062,25),
('Abhinav_Yadav',2063,18),
('Tarun_Rao',2064,23),
('Harish_Sharma',2065,21),
('Gopika_Murthy',2066,20),
('Kishore_Goud',2067,19),
('Ujwal_Prasad',2068,20),
('Bhargav_Venkata',2069,24),
('Shreya_Rao',2070,18),
('Anil_Patel',2071,23),
('Kiran_Prasad',2072,21),
('Shiva_Singh',2073,21),
('Naga_Verma',2074,19),
('Kishore_Srinivas',2075,20),
('Rakesh_Chowdary',2076,18),
('Divya_Singh',2077,24),
('Sneha_Vyas',2078,19),
('Sunitha_Devi',2079,24),
('Lokesh_Sai',2080,21),
('Priya_Chowdary',2081,20),
('Praveen_Goud',2082,23),
('Geetha_Gupta',2083,19),
('Naga_Srinivas',2084,23),
('Padma_Chandra',2085,20),
('Vikas_Vyas',2086,25),
('Swetha_Sai',2087,25),
('Sharmila_Venkata',2088,23),
('Srinidhi_Murthy',2089,25),
('Harika_Gupta',2090,20),
('Swetha_Srinivas',2091,21),
('Kranthi_Mudhiraj',2092,21),
('Daksha_Patel',2093,20),
('Mohan_Kumar',2094,18),
('Hari_Raj',2095,21),
('Arjun_Singh',2096,23),
('Tejas_Murthy',2097,24),
('Nagesh_Rao',2098,22),
('Harika_Goud',2099,19),
('Mounika_Prasad',2100,24),
('Kiran_Prakash',2101,21),
('Udaya_Yadav',2102,20),
('Teja_Sharma',2103,25),
('Jaya_Gupta',2104,23),
('Shruthi_Reddy',2105,19),
('Greeshma_Patel',2106,23),
('Ishita_Gupta',2107,18),
('Jagan_Prakash',2108,21),
('Kishore_Verma',2109,20),
('Koushik_Raj',2110,19),
('Rajesh_Sharma',2111,22),
('Dinesh_Gupta',2112,22),
('Veena_Prakash',2113,21),
('Bhargav_Sharma',2114,23),
('Naga_Sai',2115,24),
('Swetha_Rao',2116,21),
('Omkar_Vyas',2117,25),
('Rahul_Kumar',2118,24),
('Swetha_Naidu',2119,24),
('Lakshmi_Prakash',2120,24),
('Sravani_Yadav',2121,18),
('Bhavana_Kumar',2122,19),
('Samyuktha_Yadav',2123,25),
('Rakesh_Goud',2124,20),
('Nikhil_Chandra',2125,21),
('Vikas_Sai',2126,21),
('Vijay_Kumar',2127,22),
('Sneha_Prakash',2128,23),
('Gopika_Sharma',2129,20),
('Sandhya_Verma',2130,22),
('Ishita_Prasad',2131,22),
('Dinesh_Murthy',2132,23),
('Vikas_Sharma',2133,21),
('Anirudh_Murthy',2134,18),
('Dheeraj_Yadav',2135,20),
('Pranav_Murthy',2136,24),
('Swetha_Reddy',2137,20),
('Sangeetha_Chandra',2138,18),
('Jaya_Prakash',2139,18),
('Manasa_Chowdary',2140,21),
('Bhargav_Kumar',2141,23),
('Sangeetha_Naidu',2142,18),
('Nithya_Reddy',2143,21),
('Vaishnavi_Sharma',2144,22),
('Aditya_Gupta',2145,23),
('Anisha_Devi',2146,21),
('Ganesh_Prakash',2147,20),
('Sneha_Raj',2148,25),
('Teja_Raj',2149,19),
('Shiva_Prakash',2150,24),
('Lavanya_Sai',2151,24),
('Anusha_Sai',2152,23),
('Deepak_Krishna',2153,21),
('Daksha_Srinivas',2154,24),
('Vinod_Raj',2155,24),
('Sai_Kumar',2156,21),
('Sangeetha_Venkata',2157,19),
('Uday_Venkata',2158,23),
('Madhu_Prakash',2159,23),
('Sharath_Devi',2160,24),
('Jayanth_Patel',2161,22),
('Chiranjeevi_Prasad',2162,19),
('Pranav_Sharma',2163,20),
('Udaya_Devi',2164,25),
('Bharath_Gupta',2165,24),
('Sushma_Murthy',2166,23),
('Praveen_Rao',2167,24),
('Gopika_Kumar',2168,19),
('Arjun_Srinivas',2169,25),
('Arjun_Reddy',2170,20),
('Mohan_Yadav',2171,23),
('Tejaswini_Krishna',2172,25),
('Deepak_Chowdary',2173,22),
('Nagesh_Verma',2174,18),
('Sai_Krishna',2175,24),
('Eshwari_Rao',2176,19),
('Sneha_Prasad',2177,18),
('Shashank_Kumar',2178,18),
('Sushma_Naidu',2179,20),
('Jagadish_Sai',2180,24),
('Kishore_Prakash',2181,20),
('Anil_Venkata',2182,20),
('Vinay_Reddy',2183,20),
('Padma_Verma',2184,23),
('Chaitra_Krishna',2185,23),
('Kiran_Gupta',2186,20),
('Anirudh_Naidu',2187,23),
('Yugandhar_Reddy',2188,23),
('Uma_Gupta',2189,24),
('Eswar_Patel',2190,19),
('Amrutha_Goud',2191,23),
('Nanda_Rao',2192,22),
('Pavani_Krishna',2193,18),
('Nagesh_Sai',2194,23),
('Vaishnavi_Kumar',2195,22),
('Jagan_Devi',2196,21),
('Vasanth_Prakash',2197,24),
('Pranav_Gupta',2198,24),
('Omkar_Singh',2199,20),
('Sneha_Patel',2200,23),
('Archana_Prakash',2201,25),
('Nagesh_Raj',2202,24),
('Shruthi_Verma',2203,18),
('Manoj_Patel',2204,18),
('Eshwar_Mudhiraj',2205,21),
('Vikas_Singh',2206,23),
('Yashoda_Singh',2207,22),
('Pavan_Sharma',2208,22),
('Vikas_Chowdary',2209,19),
('Vaibhav_Gupta',2210,24),
('Anisha_Murthy',2211,23),
('Murali_Kumar',2212,23),
('Deepak_Kumar',2213,20),
('Aditya_Mudhiraj',2214,22),
('Murali_Chandra',2215,24);
select*from STUDENTS;

CREATE TABLE Subjects (SubjectID INT PRIMARY KEY,Subject_Name VARCHAR(100));
INSERT INTO Subjects values
(1001,'Python_For_Analytics'),
(1002,'SQL_For_BI'),
(1003,'Corporate_Finance'),
(1004,'Opeartion_Research'),
(1005,'Marketing_Management'),
(1006,'Ent_Development'),
(1007,'ABCD'),
(1008,'BRS'),
(1009,'IR'),
(1010,'Market_Pulse');

select*from Subjects;

CREATE TABLE Marks ( 
    Student_ID INT,         
    SubjectID INT,          
    Marks INT,              
    FOREIGN KEY (Student_ID) REFERENCES STUDENTS(Student_ID), 
    FOREIGN KEY (SubjectID) REFERENCES Subjects(SubjectID)); 
	


INSERT INTO Marks Values 

(2000, 1001, 85), 
(2000, 1002, 90), 
(2000, 1003, 88),
(2000, 1004, 70),
(2000, 1005, 80), 
(2000, 1006, 75),
(2000, 1007, 85), 
(2000, 1008, 88),
(2000, 1009, 92),
(2000, 1010, 89),
(2001, 1001, 78), 
(2001, 1002, 85), 
(2001, 1003, 79),
(2001, 1004, 83), 
(2001, 1005, 74), 
(2001, 1006, 81),
(2001, 1007, 77),
(2001, 1008, 80), 
(2001, 1009, 86),
(2001, 1010, 82),
(2002, 1001, 76), 
(2002, 1002, 74),
(2002, 1003, 78),
(2002, 1004, 82), 
(2002, 1005, 79), 
(2002, 1006, 84),
(2002, 1007, 80), 
(2002, 1008, 72),
(2002, 1009, 81),
(2002, 1010, 78),
(2004, 1001, 85), 
(2004, 1002, 88), 
(2004, 1003, 82),
(2004, 1004, 84),
(2004, 1005, 90), 
(2004, 1006, 86),
(2004, 1007, 88), 
(2004, 1008, 85),
(2004, 1009, 89),
(2004, 1010, 91),
(2005, 1001, 80), 
(2005, 1002, 77), 
(2005, 1003, 83),
(2005, 1004, 75),
(2005, 1005, 88), 
(2005, 1006, 81),
(2005, 1007, 85), 
(2005, 1008, 87),
(2005, 1009, 89),
(2005, 1010, 84),
(2006, 1001, 82), 
(2006, 1002, 78), 
(2006, 1003, 79),
(2006, 1004, 74),
(2006, 1005, 76), 
(2006, 1006, 81),
(2006, 1007, 80), 
(2006, 1008, 84),
(2006, 1009, 85),
(2006, 1010, 87),
(2007, 1001, 70), 
(2007, 1002, 72), 
(2007, 1003, 78),
(2007, 1004, 75),
(2007, 1005, 79), 
(2007, 1006, 77),
(2007, 1007, 74), 
(2007, 1008, 80),
(2007, 1009, 81),
(2007, 1010, 82),
(2008, 1001, 88), 
(2008, 1002, 85), 
(2008, 1003, 84),
(2008, 1004, 83),
(2008, 1005, 81), 
(2008, 1006, 82),
(2008, 1007, 87), 
(2008, 1008, 90),
(2008, 1009, 89),
(2008, 1010, 92),
(2009, 1001, 80), 
(2009, 1002, 79), 
(2009, 1003, 83),
(2009, 1004, 84),
(2009, 1005, 85), 
(2009, 1006, 78),
(2009, 1007, 82), 
(2009, 1008, 80),
(2009, 1009, 87),
(2009, 1010, 86),
(2010, 1001, 89), 
(2010, 1002, 87), 
(2010, 1003, 90),
(2010, 1004, 88),
(2010, 1005, 85), 
(2010, 1006, 86),
(2010, 1007, 87), 
(2010, 1008, 88),
(2010, 1009, 90),
(2010, 1010, 91),
(2011, 1001, 75), 
(2011, 1002, 80), 
(2011, 1003, 79),
(2011, 1004, 82),
(2011, 1005, 81), 
(2011, 1006, 78),
(2011, 1007, 83), 
(2011, 1008, 87),
(2011, 1009, 89),
(2011, 1010, 86),
(2012, 1001, 92), 
(2012, 1002, 90), 
(2012, 1003, 88),
(2012, 1004, 87),
(2012, 1005, 91), 
(2012, 1006, 93),
(2012, 1007, 94), 
(2012, 1008, 89),
(2012, 1009, 90),
(2012, 1010, 91),
(2013, 1001, 84), 
(2013, 1002, 85), 
(2013, 1003, 83),
(2013, 1004, 82),
(2013, 1005, 87), 
(2013, 1006, 89),
(2013, 1007, 86), 
(2013, 1008, 85),
(2013, 1009, 84),
(2013, 1010, 88),
(2014, 1001, 76), 
(2014, 1002, 78), 
(2014, 1003, 80),
(2014, 1004, 85),
(2014, 1005, 88), 
(2014, 1006, 84),
(2014, 1007, 81), 
(2014, 1008, 83),
(2014, 1009, 86),
(2014, 1010, 89),
(2016, 1001, 43),
(2016, 1002, 70),
(2016, 1003, 97),
(2016, 1004, 60),
(2016, 1005, 91),
(2016, 1006, 60),
(2016, 1007, 40),
(2016, 1008, 99),
(2016, 1009, 79),
(2016, 1010, 81),
(2017, 1001, 59),
(2017, 1002, 80),
(2017, 1003, 56),
(2017, 1004, 66),
(2017, 1005, 51),
(2017, 1006, 91),
(2017, 1007, 61),
(2017, 1008, 47),
(2017, 1009, 94),
(2017, 1010, 74),
(2018, 1001, 95),
(2018, 1002, 71),
(2018, 1003, 58),
(2018, 1004, 76),
(2018, 1005, 44),
(2018, 1006, 98),
(2018, 1007, 95),
(2018, 1008, 52),
(2018, 1009, 90),
(2018, 1010, 47),
(2019, 1001, 99),
(2019, 1002, 81),
(2019, 1003, 84),
(2019, 1004, 89),
(2019, 1005, 75),
(2019, 1006, 50),
(2019, 1007, 74),
(2019, 1008, 55),
(2019, 1009, 61),
(2019, 1010, 74),
(2020, 1001, 99),
(2020, 1002, 75),
(2020, 1003, 82),
(2020, 1004, 77),
(2020, 1005, 77),
(2020, 1006, 84),
(2020, 1007, 86),
(2020, 1008, 62),
(2020, 1009, 43),
(2020, 1010, 84),
(2021, 1001, 51),
(2021, 1002, 86),
(2021, 1003, 96),
(2021, 1004, 55),
(2021, 1005, 68),
(2021, 1006, 46),
(2021, 1007, 52),
(2021, 1008, 94),
(2021, 1009, 84),
(2021, 1010, 50),
(2022, 1001, 48),
(2022, 1002, 54),
(2022, 1003, 74),
(2022, 1004, 92),
(2022, 1005, 70),
(2022, 1006, 76),
(2022, 1007, 77),
(2022, 1008, 86),
(2022, 1009, 58),
(2022, 1010, 100),
(2023, 1001, 68),
(2023, 1002, 97),
(2023, 1003, 73),
(2023, 1004, 59),
(2023, 1005, 97),
(2023, 1006, 79),
(2023, 1007, 56),
(2023, 1008, 45),
(2023, 1009, 89),
(2023, 1010, 100),
(2024, 1001, 75),
(2024, 1002, 53),
(2024, 1003, 76),
(2024, 1004, 52),
(2024, 1005, 40),
(2024, 1006, 70),
(2024, 1007, 46),
(2024, 1008, 77),
(2024, 1009, 75),
(2024, 1010, 81),
(2025, 1001, 60),
(2025, 1002, 48),
(2025, 1003, 72),
(2025, 1004, 95),
(2025, 1005, 44),
(2025, 1006, 96),
(2025, 1007, 58),
(2025, 1008, 43),
(2025, 1009, 79),
(2025, 1010, 88),
(2026, 1001, 98),
(2026, 1002, 77),
(2026, 1003, 97),
(2026, 1004, 71),
(2026, 1005, 69),
(2026, 1006, 98),
(2026, 1007, 59),
(2026, 1008, 71),
(2026, 1009, 53),
(2026, 1010, 63),
(2027, 1001, 51),
(2027, 1002, 63),
(2027, 1003, 47),
(2027, 1004, 83),
(2027, 1005, 81),
(2027, 1006, 87),
(2027, 1007, 95),
(2027, 1008, 42),
(2027, 1009, 83),
(2027, 1010, 57),
(2028, 1001, 98),
(2028, 1002, 59),
(2028, 1003, 88),
(2028, 1004, 51),
(2028, 1005, 46),
(2028, 1006, 63),
(2028, 1007, 52),
(2028, 1008, 41),
(2028, 1009, 44),
(2028, 1010, 97),
(2029, 1001, 53),
(2029, 1002, 84),
(2029, 1003, 78),
(2029, 1004, 99),
(2029, 1005, 63),
(2029, 1006, 50),
(2029, 1007, 82),
(2029, 1008, 87),
(2029, 1009, 74),
(2029, 1010, 92),
(2030, 1001, 85),
(2030, 1002, 61),
(2030, 1003, 85),
(2030, 1004, 65),
(2030, 1005, 93),
(2030, 1006, 74),
(2030, 1007, 61),
(2030, 1008, 68),
(2030, 1009, 52),
(2030, 1010, 82),
(2031, 1001, 95),
(2031, 1002, 60),
(2031, 1003, 97),
(2031, 1004, 56),
(2031, 1005, 54),
(2031, 1006, 63),
(2031, 1007, 84),
(2031, 1008, 63),
(2031, 1009, 72),
(2031, 1010, 73),
(2032, 1001, 67),
(2032, 1002, 75),
(2032, 1003, 40),
(2032, 1004, 77),
(2032, 1005, 77),
(2032, 1006, 58),
(2032, 1007, 45),
(2032, 1008, 47),
(2032, 1009, 59),
(2032, 1010, 42),
(2033, 1001, 66),
(2033, 1002, 52),
(2033, 1003, 95),
(2033, 1004, 69),
(2033, 1005, 65),
(2033, 1006, 68),
(2033, 1007, 95),
(2033, 1008, 87),
(2033, 1009, 44),
(2033, 1010, 52),
(2034, 1001, 72),
(2034, 1002, 54),
(2034, 1003, 87),
(2034, 1004, 51),
(2034, 1005, 42),
(2034, 1006, 80),
(2034, 1007, 54),
(2034, 1008, 40),
(2034, 1009, 53),
(2034, 1010, 84),
(2035, 1001, 56),
(2035, 1002, 78),
(2035, 1003, 72),
(2035, 1004, 62),
(2035, 1005, 88),
(2035, 1006, 80),
(2035, 1007, 56),
(2035, 1008, 66),
(2035, 1009, 51),
(2035, 1010, 44),
(2036, 1001, 59),
(2036, 1002, 53),
(2036, 1003, 80),
(2036, 1004, 81),
(2036, 1005, 46),
(2036, 1006, 70),
(2036, 1007, 52),
(2036, 1008, 94),
(2036, 1009, 68),
(2036, 1010, 50),
(2037, 1001, 96),
(2037, 1002, 99),
(2037, 1003, 81),
(2037, 1004, 79),
(2037, 1005, 61),
(2037, 1006, 53),
(2037, 1007, 44),
(2037, 1008, 55),
(2037, 1009, 40),
(2037, 1010, 93),
(2038, 1001, 72),
(2038, 1002, 41),
(2038, 1003, 40),
(2038, 1004, 53),
(2038, 1005, 72),
(2038, 1006, 53),
(2038, 1007, 55),
(2038, 1008, 80),
(2038, 1009, 73),
(2038, 1010, 40),
(2039, 1001, 89),
(2039, 1002, 99),
(2039, 1003, 57),
(2039, 1004, 98),
(2039, 1005, 42),
(2039, 1006, 51),
(2039, 1007, 74),
(2039, 1008, 92),
(2039, 1009, 61),
(2039, 1010, 86),
(2040, 1001, 99),
(2040, 1002, 73),
(2040, 1003, 80),
(2040, 1004, 72),
(2040, 1005, 79),
(2040, 1006, 44),
(2040, 1007, 74),
(2040, 1008, 74),
(2040, 1009, 99),
(2040, 1010, 73),
(2041, 1001, 86),
(2041, 1002, 82),
(2041, 1003, 72),
(2041, 1004, 42),
(2041, 1005, 78),
(2041, 1006, 96),
(2041, 1007, 98),
(2041, 1008, 49),
(2041, 1009, 70),
(2041, 1010, 72),
(2042, 1001, 46),
(2042, 1002, 40),
(2042, 1003, 58),
(2042, 1004, 65),
(2042, 1005, 82),
(2042, 1006, 76),
(2042, 1007, 49),
(2042, 1008, 87),
(2042, 1009, 89),
(2042, 1010, 69),
(2043, 1001, 52),
(2043, 1002, 81),
(2043, 1003, 77),
(2043, 1004, 86),
(2043, 1005, 86),
(2043, 1006, 52),
(2043, 1007, 49),
(2043, 1008, 72),
(2043, 1009, 63),
(2043, 1010, 44),
(2044, 1001, 91),
(2044, 1002, 67),
(2044, 1003, 68),
(2044, 1004, 77),
(2044, 1005, 87),
(2044, 1006, 77),
(2044, 1007, 66),
(2044, 1008, 81),
(2044, 1009, 79),
(2044, 1010, 62),
(2045, 1001, 46),
(2045, 1002, 61),
(2045, 1003, 58),
(2045, 1004, 82),
(2045, 1005, 94),
(2045, 1006, 62),
(2045, 1007, 76),
(2045, 1008, 55),
(2045, 1009, 56),
(2045, 1010, 66),
(2046, 1001, 70),
(2046, 1002, 83),
(2046, 1003, 98),
(2046, 1004, 41),
(2046, 1005, 48),
(2046, 1006, 73),
(2046, 1007, 41),
(2046, 1008, 49),
(2046, 1009, 90),
(2046, 1010, 60),
(2047, 1001, 60),
(2047, 1002, 51),
(2047, 1003, 82),
(2047, 1004, 88),
(2047, 1005, 78),
(2047, 1006, 51),
(2047, 1007, 60),
(2047, 1008, 100),
(2047, 1009, 43),
(2047, 1010, 100),
(2048, 1001, 50),
(2048, 1002, 52),
(2048, 1003, 65),
(2048, 1004, 78),
(2048, 1005, 67),
(2048, 1006, 79),
(2048, 1007, 94),
(2048, 1008, 99),
(2048, 1009, 99),
(2048, 1010, 45),
(2049, 1001, 76),
(2049, 1002, 75),
(2049, 1003, 89),
(2049, 1004, 97),
(2049, 1005, 49),
(2049, 1006, 40),
(2049, 1007, 75),
(2049, 1008, 84),
(2049, 1009, 80),
(2049, 1010, 57),
(2050, 1001, 41),
(2050, 1002, 97),
(2050, 1003, 42),
(2050, 1004, 87),
(2050, 1005, 97),
(2050, 1006, 99),
(2050, 1007, 45),
(2050, 1008, 78),
(2050, 1009, 85),
(2050, 1010, 66);
INSERT INTO Marks Values 
(2051, 1001, 41),
(2051, 1002, 67),
(2051, 1003, 70),
(2051, 1004, 44),
(2051, 1005, 64),
(2051, 1006, 76),
(2051, 1007, 96),
(2051, 1008, 48),
(2051, 1009, 97),
(2051, 1010, 87),
(2052, 1001, 71),
(2052, 1002, 57),
(2052, 1003, 55),
(2052, 1004, 81),
(2052, 1005, 49),
(2052, 1006, 65),
(2052, 1007, 89),
(2052, 1008, 92),
(2052, 1009, 91),
(2052, 1010, 66),
(2053, 1001, 64),
(2053, 1002, 79),
(2053, 1003, 86),
(2053, 1004, 47),
(2053, 1005, 55),
(2053, 1006, 66),
(2053, 1007, 60),
(2053, 1008, 85),
(2053, 1009, 41),
(2053, 1010, 73),
(2054, 1001, 75),
(2054, 1002, 89),
(2054, 1003, 50),
(2054, 1004, 72),
(2054, 1005, 88),
(2054, 1006, 51),
(2054, 1007, 64),
(2054, 1008, 84),
(2054, 1009, 44),
(2054, 1010, 92),
(2055, 1001, 42),
(2055, 1002, 65),
(2055, 1003, 61),
(2055, 1004, 66),
(2055, 1005, 87),
(2055, 1006, 96),
(2055, 1007, 45),
(2055, 1008, 60),
(2055, 1009, 56),
(2055, 1010, 75),
(2056, 1001, 43),
(2056, 1002, 86),
(2056, 1003, 44),
(2056, 1004, 55),
(2056, 1005, 91),
(2056, 1006, 67),
(2056, 1007, 100),
(2056, 1008, 75),
(2056, 1009, 86),
(2056, 1010, 70),
(2057, 1001, 90),
(2057, 1002, 95),
(2057, 1003, 84),
(2057, 1004, 70),
(2057, 1005, 79),
(2057, 1006, 71),
(2057, 1007, 63),
(2057, 1008, 75),
(2057, 1009, 71),
(2057, 1010, 54),
(2058, 1001, 82),
(2058, 1002, 81),
(2058, 1003, 87),
(2058, 1004, 42),
(2058, 1005, 83),
(2058, 1006, 66),
(2058, 1007, 50),
(2058, 1008, 76),
(2058, 1009, 69),
(2058, 1010, 55),
(2059, 1001, 84),
(2059, 1002, 81),
(2059, 1003, 61),
(2059, 1004, 57),
(2059, 1005, 90),
(2059, 1006, 76),
(2059, 1007, 64),
(2059, 1008, 47),
(2059, 1009, 51),
(2059, 1010, 92),
(2060, 1001, 54),
(2060, 1002, 57),
(2060, 1003, 53),
(2060, 1004, 78),
(2060, 1005, 70),
(2060, 1006, 55),
(2060, 1007, 71),
(2060, 1008, 48),
(2060, 1009, 96),
(2060, 1010, 59),
(2061, 1001, 66),
(2061, 1002, 75),
(2061, 1003, 74),
(2061, 1004, 48),
(2061, 1005, 71),
(2061, 1006, 58),
(2061, 1007, 100),
(2061, 1008, 76),
(2061, 1009, 95),
(2061, 1010, 77),
(2062, 1001, 58),
(2062, 1002, 48),
(2062, 1003, 93),
(2062, 1004, 90),
(2062, 1005, 43),
(2062, 1006, 86),
(2062, 1007, 66),
(2062, 1008, 45),
(2062, 1009, 68),
(2062, 1010, 61),
(2063, 1001, 82),
(2063, 1002, 86),
(2063, 1003, 80),
(2063, 1004, 70),
(2063, 1005, 54),
(2063, 1006, 50),
(2063, 1007, 78),
(2063, 1008, 48),
(2063, 1009, 70),
(2063, 1010, 73),
(2064, 1001, 89),
(2064, 1002, 69),
(2064, 1003, 82),
(2064, 1004, 47),
(2064, 1005, 100),
(2064, 1006, 86),
(2064, 1007, 89),
(2064, 1008, 79),
(2064, 1009, 53),
(2064, 1010, 57),
(2065, 1001, 87),
(2065, 1002, 93),
(2065, 1003, 87),
(2065, 1004, 69),
(2065, 1005, 77),
(2065, 1006, 54),
(2065, 1007, 70),
(2065, 1008, 41),
(2065, 1009, 67),
(2065, 1010, 51),
(2066, 1001, 49),
(2066, 1002, 69),
(2066, 1003, 100),
(2066, 1004, 52),
(2066, 1005, 79),
(2066, 1006, 52),
(2066, 1007, 61),
(2066, 1008, 72),
(2066, 1009, 82),
(2066, 1010, 70),
(2067, 1001, 75),
(2067, 1002, 40),
(2067, 1003, 76),
(2067, 1004, 85),
(2067, 1005, 97),
(2067, 1006, 52),
(2067, 1007, 93),
(2067, 1008, 64),
(2067, 1009, 49),
(2067, 1010, 66),
(2068, 1001, 41),
(2068, 1002, 60),
(2068, 1003, 51),
(2068, 1004, 77),
(2068, 1005, 58),
(2068, 1006, 84),
(2068, 1007, 76),
(2068, 1008, 86),
(2068, 1009, 65),
(2068, 1010, 95),
(2069, 1001, 81),
(2069, 1002, 80),
(2069, 1003, 95),
(2069, 1004, 87),
(2069, 1005, 57),
(2069, 1006, 73),
(2069, 1007, 46),
(2069, 1008, 58),
(2069, 1009, 77),
(2069, 1010, 72),
(2070, 1001, 97),
(2070, 1002, 40),
(2070, 1003, 53),
(2070, 1004, 99),
(2070, 1005, 86),
(2070, 1006, 55),
(2070, 1007, 92),
(2070, 1008, 70),
(2070, 1009, 73),
(2070, 1010, 49),
(2071, 1001, 90),
(2071, 1002, 100),
(2071, 1003, 62),
(2071, 1004, 52),
(2071, 1005, 74),
(2071, 1006, 98),
(2071, 1007, 59),
(2071, 1008, 60),
(2071, 1009, 56),
(2071, 1010, 80),
(2072, 1001, 70),
(2072, 1002, 64),
(2072, 1003, 48),
(2072, 1004, 96),
(2072, 1005, 70),
(2072, 1006, 86),
(2072, 1007, 50),
(2072, 1008, 61),
(2072, 1009, 48),
(2072, 1010, 95),
(2073, 1001, 68),
(2073, 1002, 70),
(2073, 1003, 89),
(2073, 1004, 74),
(2073, 1005, 45),
(2073, 1006, 56),
(2073, 1007, 65),
(2073, 1008, 100),
(2073, 1009, 41),
(2073, 1010, 81),
(2074, 1001, 78),
(2074, 1002, 60),
(2074, 1003, 47),
(2074, 1004, 54),
(2074, 1005, 92),
(2074, 1006, 96),
(2074, 1007, 78),
(2074, 1008, 92),
(2074, 1009, 78),
(2074, 1010, 68),
(2075, 1001, 82),
(2075, 1002, 100),
(2075, 1003, 57),
(2075, 1004, 60),
(2075, 1005, 52),
(2075, 1006, 63),
(2075, 1007, 63),
(2075, 1008, 55),
(2075, 1009, 41),
(2075, 1010, 44),
(2076, 1001, 65),
(2076, 1002, 40),
(2076, 1003, 87),
(2076, 1004, 55),
(2076, 1005, 84),
(2076, 1006, 45),
(2076, 1007, 78),
(2076, 1008, 73),
(2076, 1009, 93),
(2076, 1010, 97),
(2077, 1001, 53),
(2077, 1002, 87),
(2077, 1003, 55),
(2077, 1004, 54),
(2077, 1005, 62),
(2077, 1006, 78),
(2077, 1007, 64),
(2077, 1008, 77),
(2077, 1009, 61),
(2077, 1010, 98),
(2078, 1001, 92),
(2078, 1002, 88),
(2078, 1003, 96),
(2078, 1004, 96),
(2078, 1005, 66),
(2078, 1006, 98),
(2078, 1007, 69),
(2078, 1008, 59),
(2078, 1009, 66),
(2078, 1010, 46),
(2079, 1001, 48),
(2079, 1002, 64),
(2079, 1003, 90),
(2079, 1004, 97),
(2079, 1005, 40),
(2079, 1006, 81),
(2079, 1007, 55),
(2079, 1008, 40),
(2079, 1009, 66),
(2079, 1010, 91),
(2080, 1001, 78),
(2080, 1002, 89),
(2080, 1003, 96),
(2080, 1004, 62),
(2080, 1005, 83),
(2080, 1006, 76),
(2080, 1007, 79),
(2080, 1008, 94),
(2080, 1009, 71),
(2080, 1010, 99),
(2081, 1001, 48),
(2081, 1002, 83),
(2081, 1003, 40),
(2081, 1004, 48),
(2081, 1005, 93),
(2081, 1006, 77),
(2081, 1007, 91),
(2081, 1008, 91),
(2081, 1009, 58),
(2081, 1010, 94),
(2082, 1001, 97),
(2082, 1002, 95),
(2082, 1003, 58),
(2082, 1004, 79),
(2082, 1005, 65),
(2082, 1006, 53),
(2082, 1007, 45),
(2082, 1008, 61),
(2082, 1009, 65),
(2082, 1010, 54),
(2083, 1001, 45),
(2083, 1002, 64),
(2083, 1003, 76),
(2083, 1004, 81),
(2083, 1005, 58),
(2083, 1006, 62),
(2083, 1007, 44),
(2083, 1008, 62),
(2083, 1009, 51),
(2083, 1010, 56),
(2084, 1001, 76),
(2084, 1002, 98),
(2084, 1003, 62),
(2084, 1004, 42),
(2084, 1005, 84),
(2084, 1006, 61),
(2084, 1007, 75),
(2084, 1008, 69),
(2084, 1009, 75),
(2084, 1010, 43),
(2085, 1001, 46),
(2085, 1002, 81),
(2085, 1003, 42),
(2085, 1004, 95),
(2085, 1005, 97),
(2085, 1006, 53),
(2085, 1007, 88),
(2085, 1008, 100),
(2085, 1009, 86),
(2085, 1010, 89),
(2086, 1001, 74),
(2086, 1002, 66),
(2086, 1003, 57),
(2086, 1004, 43),
(2086, 1005, 74),
(2086, 1006, 85),
(2086, 1007, 52),
(2086, 1008, 96),
(2086, 1009, 89),
(2086, 1010, 98),
(2087, 1001, 65),
(2087, 1002, 43),
(2087, 1003, 59),
(2087, 1004, 85),
(2087, 1005, 53),
(2087, 1006, 93),
(2087, 1007, 63),
(2087, 1008, 89),
(2087, 1009, 67),
(2087, 1010, 46),
(2088, 1001, 72),
(2088, 1002, 99),
(2088, 1003, 75),
(2088, 1004, 56),
(2088, 1005, 56),
(2088, 1006, 68),
(2088, 1007, 63),
(2088, 1008, 96),
(2088, 1009, 57),
(2088, 1010, 72),
(2089, 1001, 93),
(2089, 1002, 100),
(2089, 1003, 57),
(2089, 1004, 41),
(2089, 1005, 44),
(2089, 1006, 54),
(2089, 1007, 64),
(2089, 1008, 50),
(2089, 1009, 71),
(2089, 1010, 44),
(2090, 1001, 51),
(2090, 1002, 73),
(2090, 1003, 88),
(2090, 1004, 82),
(2090, 1005, 89),
(2090, 1006, 46),
(2090, 1007, 47),
(2090, 1008, 83),
(2090, 1009, 100),
(2090, 1010, 65),
(2091, 1001, 66),
(2091, 1002, 80),
(2091, 1003, 73),
(2091, 1004, 43),
(2091, 1005, 95),
(2091, 1006, 66),
(2091, 1007, 44),
(2091, 1008, 59),
(2091, 1009, 96),
(2091, 1010, 65),
(2092, 1001, 41),
(2092, 1002, 59),
(2092, 1003, 62),
(2092, 1004, 89),
(2092, 1005, 64),
(2092, 1006, 69),
(2092, 1007, 98),
(2092, 1008, 46),
(2092, 1009, 100),
(2092, 1010, 50),
(2093, 1001, 42),
(2093, 1002, 77),
(2093, 1003, 83),
(2093, 1004, 69),
(2093, 1005, 78),
(2093, 1006, 94),
(2093, 1007, 89),
(2093, 1008, 41),
(2093, 1009, 64),
(2093, 1010, 86),
(2094, 1001, 85),
(2094, 1002, 56),
(2094, 1003, 79),
(2094, 1004, 52),
(2094, 1005, 49),
(2094, 1006, 70),
(2094, 1007, 68),
(2094, 1008, 59),
(2094, 1009, 50),
(2094, 1010, 64),
(2095, 1001, 48),
(2095, 1002, 60),
(2095, 1003, 86),
(2095, 1004, 62),
(2095, 1005, 85),
(2095, 1006, 85),
(2095, 1007, 58),
(2095, 1008, 56),
(2095, 1009, 57),
(2095, 1010, 45),
(2096, 1001, 98),
(2096, 1002, 89),
(2096, 1003, 87),
(2096, 1004, 55),
(2096, 1005, 94),
(2096, 1006, 57),
(2096, 1007, 53),
(2096, 1008, 60),
(2096, 1009, 74),
(2096, 1010, 48),
(2097, 1001, 56),
(2097, 1002, 53),
(2097, 1003, 75),
(2097, 1004, 64),
(2097, 1005, 91),
(2097, 1006, 71),
(2097, 1007, 56),
(2097, 1008, 83),
(2097, 1009, 85),
(2097, 1010, 49),
(2098, 1001, 76),
(2098, 1002, 76),
(2098, 1003, 86),
(2098, 1004, 95),
(2098, 1005, 45),
(2098, 1006, 44),
(2098, 1007, 97),
(2098, 1008, 92),
(2098, 1009, 62),
(2098, 1010, 46),
(2099, 1001, 70),
(2099, 1002, 48),
(2099, 1003, 52),
(2099, 1004, 83),
(2099, 1005, 86),
(2099, 1006, 53),
(2099, 1007, 79),
(2099, 1008, 87),
(2099, 1009, 48),
(2099, 1010, 88),
(2100, 1001, 90),
(2100, 1002, 75),
(2100, 1003, 86),
(2100, 1004, 86),
(2100, 1005, 65),
(2100, 1006, 80),
(2100, 1007, 77),
(2100, 1008, 45),
(2100, 1009, 71),
(2100, 1010, 46),
(2101, 1001, 46),
(2101, 1002, 60),
(2101, 1003, 65),
(2101, 1004, 45),
(2101, 1005, 71),
(2101, 1006, 59),
(2101, 1007, 90),
(2101, 1008, 52),
(2101, 1009, 79),
(2101, 1010, 49),
(2102, 1001, 44),
(2102, 1002, 41),
(2102, 1003, 55),
(2102, 1004, 90),
(2102, 1005, 91),
(2102, 1006, 66),
(2102, 1007, 49),
(2102, 1008, 52),
(2102, 1009, 88),
(2102, 1010, 94),
(2103, 1001, 84),
(2103, 1002, 90),
(2103, 1003, 70),
(2103, 1004, 70),
(2103, 1005, 67),
(2103, 1006, 85),
(2103, 1007, 54),
(2103, 1008, 71),
(2103, 1009, 81),
(2103, 1010, 63),
(2104, 1001, 87),
(2104, 1002, 85),
(2104, 1003, 95),
(2104, 1004, 50),
(2104, 1005, 71),
(2104, 1006, 59),
(2104, 1007, 89),
(2104, 1008, 71),
(2104, 1009, 76),
(2104, 1010, 97),
(2105, 1001, 73),
(2105, 1002, 51),
(2105, 1003, 48),
(2105, 1004, 89),
(2105, 1005, 55),
(2105, 1006, 92),
(2105, 1007, 87),
(2105, 1008, 82),
(2105, 1009, 69),
(2105, 1010, 60),
(2106, 1001, 61),
(2106, 1002, 56),
(2106, 1003, 84),
(2106, 1004, 58),
(2106, 1005, 67),
(2106, 1006, 90),
(2106, 1007, 92),
(2106, 1008, 58),
(2106, 1009, 86),
(2106, 1010, 87),
(2107, 1001, 98),
(2107, 1002, 41),
(2107, 1003, 53),
(2107, 1004, 61),
(2107, 1005, 80),
(2107, 1006, 63),
(2107, 1007, 76),
(2107, 1008, 40),
(2107, 1009, 41),
(2107, 1010, 67),
(2108, 1001, 84),
(2108, 1002, 94),
(2108, 1003, 99),
(2108, 1004, 49),
(2108, 1005, 92),
(2108, 1006, 45),
(2108, 1007, 88),
(2108, 1008, 59),
(2108, 1009, 95),
(2108, 1010, 69),
(2109, 1001, 92),
(2109, 1002, 46),
(2109, 1003, 78),
(2109, 1004, 82),
(2109, 1005, 54),
(2109, 1006, 63),
(2109, 1007, 100),
(2109, 1008, 95),
(2109, 1009, 77),
(2109, 1010, 48),
(2110, 1001, 68),
(2110, 1002, 71),
(2110, 1003, 58),
(2110, 1004, 58),
(2110, 1005, 48),
(2110, 1006, 52),
(2110, 1007, 98),
(2110, 1008, 57),
(2110, 1009, 86),
(2110, 1010, 51),
(2111, 1001, 67),
(2111, 1002, 50),
(2111, 1003, 65),
(2111, 1004, 48),
(2111, 1005, 65),
(2111, 1006, 55),
(2111, 1007, 54),
(2111, 1008, 98),
(2111, 1009, 78),
(2111, 1010, 47),
(2112, 1001, 42),
(2112, 1002, 97),
(2112, 1003, 83),
(2112, 1004, 87),
(2112, 1005, 44),
(2112, 1006, 96),
(2112, 1007, 80),
(2112, 1008, 89),
(2112, 1009, 84),
(2112, 1010, 93),
(2113, 1001, 79),
(2113, 1002, 100),
(2113, 1003, 81),
(2113, 1004, 89),
(2113, 1005, 42),
(2113, 1006, 72),
(2113, 1007, 64),
(2113, 1008, 97),
(2113, 1009, 54),
(2113, 1010, 40),
(2114, 1001, 75),
(2114, 1002, 49),
(2114, 1003, 41),
(2114, 1004, 82),
(2114, 1005, 87),
(2114, 1006, 40),
(2114, 1007, 81),
(2114, 1008, 69),
(2114, 1009, 92),
(2114, 1010, 66),
(2115, 1001, 54),
(2115, 1002, 86),
(2115, 1003, 58),
(2115, 1004, 98),
(2115, 1005, 44),
(2115, 1006, 80),
(2115, 1007, 89),
(2115, 1008, 54),
(2115, 1009, 81),
(2115, 1010, 49),
(2116, 1001, 67),
(2116, 1002, 51),
(2116, 1003, 59),
(2116, 1004, 57),
(2116, 1005, 88),
(2116, 1006, 53),
(2116, 1007, 58),
(2116, 1008, 78),
(2116, 1009, 40),
(2116, 1010, 88),
(2117, 1001, 49),
(2117, 1002, 48),
(2117, 1003, 40),
(2117, 1004, 79),
(2117, 1005, 53),
(2117, 1006, 70),
(2117, 1007, 100),
(2117, 1008, 75),
(2117, 1009, 62),
(2117, 1010, 99),
(2118, 1001, 61),
(2118, 1002, 97),
(2118, 1003, 90),
(2118, 1004, 55),
(2118, 1005, 56),
(2118, 1006, 87),
(2118, 1007, 74),
(2118, 1008, 72),
(2118, 1009, 69),
(2118, 1010, 62),
(2119, 1001, 90),
(2119, 1002, 88),
(2119, 1003, 52),
(2119, 1004, 85),
(2119, 1005, 50),
(2119, 1006, 53),
(2119, 1007, 50),
(2119, 1008, 57),
(2119, 1009, 83),
(2119, 1010, 69),
(2120, 1001, 77),
(2120, 1002, 76),
(2120, 1003, 51),
(2120, 1004, 44),
(2120, 1005, 55),
(2120, 1006, 83),
(2120, 1007, 94),
(2120, 1008, 40),
(2120, 1009, 41),
(2120, 1010, 44),
(2121, 1001, 100),
(2121, 1002, 91),
(2121, 1003, 40),
(2121, 1004, 60),
(2121, 1005, 43),
(2121, 1006, 73),
(2121, 1007, 95),
(2121, 1008, 86),
(2121, 1009, 59),
(2121, 1010, 95),
(2122, 1001, 62),
(2122, 1002, 90),
(2122, 1003, 83),
(2122, 1004, 91),
(2122, 1005, 93),
(2122, 1006, 84),
(2122, 1007, 63),
(2122, 1008, 71),
(2122, 1009, 48),
(2122, 1010, 82),
(2123, 1001, 88),
(2123, 1002, 84),
(2123, 1003, 64),
(2123, 1004, 50),
(2123, 1005, 90),
(2123, 1006, 59),
(2123, 1007, 57),
(2123, 1008, 42),
(2123, 1009, 100),
(2123, 1010, 78),
(2124, 1001, 69),
(2124, 1002, 55),
(2124, 1003, 97),
(2124, 1004, 51),
(2124, 1005, 99),
(2124, 1006, 94),
(2124, 1007, 50),
(2124, 1008, 97),
(2124, 1009, 88),
(2124, 1010, 45),
(2125, 1001, 54),
(2125, 1002, 56),
(2125, 1003, 76),
(2125, 1004, 88),
(2125, 1005, 100),
(2125, 1006, 59),
(2125, 1007, 87),
(2125, 1008, 63),
(2125, 1009, 48),
(2125, 1010, 82),
(2126, 1001, 75),
(2126, 1002, 41),
(2126, 1003, 84),
(2126, 1004, 63),
(2126, 1005, 94),
(2126, 1006, 97),
(2126, 1007, 80),
(2126, 1008, 78),
(2126, 1009, 61),
(2126, 1010, 43),
(2127, 1001, 94),
(2127, 1002, 85),
(2127, 1003, 75),
(2127, 1004, 58),
(2127, 1005, 72),
(2127, 1006, 94),
(2127, 1007, 75),
(2127, 1008, 79),
(2127, 1009, 81),
(2127, 1010, 51),
(2128, 1001, 47),
(2128, 1002, 94),
(2128, 1003, 60),
(2128, 1004, 75),
(2128, 1005, 44),
(2128, 1006, 51),
(2128, 1007, 61),
(2128, 1008, 80),
(2128, 1009, 56),
(2128, 1010, 84),
(2129, 1001, 47),
(2129, 1002, 74),
(2129, 1003, 40),
(2129, 1004, 66),
(2129, 1005, 97),
(2129, 1006, 51),
(2129, 1007, 97),
(2129, 1008, 73),
(2129, 1009, 97),
(2129, 1010, 76),
(2130, 1001, 100),
(2130, 1002, 86),
(2130, 1003, 47),
(2130, 1004, 86),
(2130, 1005, 98),
(2130, 1006, 57),
(2130, 1007, 66),
(2130, 1008, 91),
(2130, 1009, 55),
(2130, 1010, 50),
(2131, 1001, 71),
(2131, 1002, 48),
(2131, 1003, 43),
(2131, 1004, 81),
(2131, 1005, 60),
(2131, 1006, 47),
(2131, 1007, 41),
(2131, 1008, 75),
(2131, 1009, 41),
(2131, 1010, 73),
(2132, 1001, 70),
(2132, 1002, 72),
(2132, 1003, 52),
(2132, 1004, 76),
(2132, 1005, 99),
(2132, 1006, 71),
(2132, 1007, 67),
(2132, 1008, 65),
(2132, 1009, 83),
(2132, 1010, 70),
(2133, 1001, 52),
(2133, 1002, 41),
(2133, 1003, 67),
(2133, 1004, 70),
(2133, 1005, 46),
(2133, 1006, 50),
(2133, 1007, 95),
(2133, 1008, 71),
(2133, 1009, 80),
(2133, 1010, 74),
(2134, 1001, 40),
(2134, 1002, 77),
(2134, 1003, 49),
(2134, 1004, 55),
(2134, 1005, 54),
(2134, 1006, 55),
(2134, 1007, 71),
(2134, 1008, 43),
(2134, 1009, 71),
(2134, 1010, 75),
(2135, 1001, 72),
(2135, 1002, 63),
(2135, 1003, 48),
(2135, 1004, 56),
(2135, 1005, 67),
(2135, 1006, 67),
(2135, 1007, 76),
(2135, 1008, 70),
(2135, 1009, 52),
(2135, 1010, 80),
(2136, 1001, 85),
(2136, 1002, 96),
(2136, 1003, 42),
(2136, 1004, 57),
(2136, 1005, 63),
(2136, 1006, 51),
(2136, 1007, 88),
(2136, 1008, 68),
(2136, 1009, 58),
(2136, 1010, 61),
(2137, 1001, 58),
(2137, 1002, 82),
(2137, 1003, 73),
(2137, 1004, 91),
(2137, 1005, 70),
(2137, 1006, 69),
(2137, 1007, 45),
(2137, 1008, 43),
(2137, 1009, 44),
(2137, 1010, 78),
(2138, 1001, 53),
(2138, 1002, 71),
(2138, 1003, 61),
(2138, 1004, 72),
(2138, 1005, 70),
(2138, 1006, 45),
(2138, 1007, 52),
(2138, 1008, 95),
(2138, 1009, 59),
(2138, 1010, 98),
(2139, 1001, 42),
(2139, 1002, 52),
(2139, 1003, 71),
(2139, 1004, 88),
(2139, 1005, 62),
(2139, 1006, 50),
(2139, 1007, 59),
(2139, 1008, 93),
(2139, 1009, 90),
(2139, 1010, 70),
(2140, 1001, 50),
(2140, 1002, 95),
(2140, 1003, 51),
(2140, 1004, 50),
(2140, 1005, 93),
(2140, 1006, 61),
(2140, 1007, 46),
(2140, 1008, 51),
(2140, 1009, 53),
(2140, 1010, 60),
(2141, 1001, 65),
(2141, 1002, 46),
(2141, 1003, 60),
(2141, 1004, 63),
(2141, 1005, 59),
(2141, 1006, 95),
(2141, 1007, 56),
(2141, 1008, 63),
(2141, 1009, 72),
(2141, 1010, 75),
(2142, 1001, 86),
(2142, 1002, 75),
(2142, 1003, 45),
(2142, 1004, 60),
(2142, 1005, 90),
(2142, 1006, 49),
(2142, 1007, 83),
(2142, 1008, 96),
(2142, 1009, 42),
(2142, 1010, 74),
(2143, 1001, 52),
(2143, 1002, 97),
(2143, 1003, 95),
(2143, 1004, 49),
(2143, 1005, 41),
(2143, 1006, 41),
(2143, 1007, 57),
(2143, 1008, 59),
(2143, 1009, 97),
(2143, 1010, 59),
(2144, 1001, 53),
(2144, 1002, 61),
(2144, 1003, 59),
(2144, 1004, 58),
(2144, 1005, 50),
(2144, 1006, 83),
(2144, 1007, 74),
(2144, 1008, 40),
(2144, 1009, 65),
(2144, 1010, 60),
(2145, 1001, 97),
(2145, 1002, 69),
(2145, 1003, 46),
(2145, 1004, 91),
(2145, 1005, 92),
(2145, 1006, 80),
(2145, 1007, 61),
(2145, 1008, 85),
(2145, 1009, 56),
(2145, 1010, 87),
(2146, 1001, 58),
(2146, 1002, 63),
(2146, 1003, 69),
(2146, 1004, 97),
(2146, 1005, 98),
(2146, 1006, 66),
(2146, 1007, 49),
(2146, 1008, 69),
(2146, 1009, 81),
(2146, 1010, 71),
(2147, 1001, 60),
(2147, 1002, 81),
(2147, 1003, 87),
(2147, 1004, 48),
(2147, 1005, 52),
(2147, 1006, 53),
(2147, 1007, 42),
(2147, 1008, 99),
(2147, 1009, 87),
(2147, 1010, 51),
(2148, 1001, 81),
(2148, 1002, 100),
(2148, 1003, 93),
(2148, 1004, 53),
(2148, 1005, 92),
(2148, 1006, 49),
(2148, 1007, 44),
(2148, 1008, 66),
(2148, 1009, 75),
(2148, 1010, 84),
(2149, 1001, 63),
(2149, 1002, 61),
(2149, 1003, 95),
(2149, 1004, 60),
(2149, 1005, 72),
(2149, 1006, 94),
(2149, 1007, 44),
(2149, 1008, 49),
(2149, 1009, 76),
(2149, 1010, 43),
(2150, 1001, 57),
(2150, 1002, 98),
(2150, 1003, 83),
(2150, 1004, 66),
(2150, 1005, 49),
(2150, 1006, 60),
(2150, 1007, 62),
(2150, 1008, 89),
(2150, 1009, 98),
(2150, 1010, 97);
INSERT INTO Marks Values 
(2151, 1001, 46),
(2151, 1002, 70),
(2151, 1003, 76),
(2151, 1004, 53),
(2151, 1005, 71),
(2151, 1006, 76),
(2151, 1007, 64),
(2151, 1008, 89),
(2151, 1009, 91),
(2151, 1010, 51),
(2152, 1001, 69),
(2152, 1002, 81),
(2152, 1003, 44),
(2152, 1004, 65),
(2152, 1005, 99),
(2152, 1006, 47),
(2152, 1007, 77),
(2152, 1008, 77),
(2152, 1009, 67),
(2152, 1010, 44),
(2153, 1001, 49),
(2153, 1002, 93),
(2153, 1003, 66),
(2153, 1004, 59),
(2153, 1005, 78),
(2153, 1006, 77),
(2153, 1007, 72),
(2153, 1008, 51),
(2153, 1009, 60),
(2153, 1010, 92),
(2154, 1001, 43),
(2154, 1002, 72),
(2154, 1003, 55),
(2154, 1004, 100),
(2154, 1005, 41),
(2154, 1006, 85),
(2154, 1007, 57),
(2154, 1008, 51),
(2154, 1009, 59),
(2154, 1010, 91),
(2155, 1001, 65),
(2155, 1002, 59),
(2155, 1003, 99),
(2155, 1004, 76),
(2155, 1005, 67),
(2155, 1006, 88),
(2155, 1007, 89),
(2155, 1008, 41),
(2155, 1009, 49),
(2155, 1010, 66),
(2156, 1001, 75),
(2156, 1002, 95),
(2156, 1003, 86),
(2156, 1004, 92),
(2156, 1005, 64),
(2156, 1006, 59),
(2156, 1007, 80),
(2156, 1008, 49),
(2156, 1009, 86),
(2156, 1010, 43),
(2157, 1001, 80),
(2157, 1002, 61),
(2157, 1003, 43),
(2157, 1004, 88),
(2157, 1005, 52),
(2157, 1006, 77),
(2157, 1007, 49),
(2157, 1008, 92),
(2157, 1009, 56),
(2157, 1010, 48),
(2158, 1001, 61),
(2158, 1002, 82),
(2158, 1003, 40),
(2158, 1004, 48),
(2158, 1005, 67),
(2158, 1006, 92),
(2158, 1007, 65),
(2158, 1008, 88),
(2158, 1009, 87),
(2158, 1010, 68),
(2159, 1001, 72),
(2159, 1002, 71),
(2159, 1003, 78),
(2159, 1004, 46),
(2159, 1005, 90),
(2159, 1006, 96),
(2159, 1007, 46),
(2159, 1008, 86),
(2159, 1009, 77),
(2159, 1010, 78),
(2160, 1001, 51),
(2160, 1002, 78),
(2160, 1003, 72),
(2160, 1004, 89),
(2160, 1005, 100),
(2160, 1006, 68),
(2160, 1007, 77),
(2160, 1008, 94),
(2160, 1009, 42),
(2160, 1010, 51),
(2161, 1001, 81),
(2161, 1002, 70),
(2161, 1003, 62),
(2161, 1004, 55),
(2161, 1005, 49),
(2161, 1006, 77),
(2161, 1007, 75),
(2161, 1008, 79),
(2161, 1009, 88),
(2161, 1010, 83),
(2162, 1001, 89),
(2162, 1002, 86),
(2162, 1003, 57),
(2162, 1004, 89),
(2162, 1005, 56),
(2162, 1006, 50),
(2162, 1007, 43),
(2162, 1008, 66),
(2162, 1009, 77),
(2162, 1010, 88),
(2163, 1001, 98),
(2163, 1002, 47),
(2163, 1003, 87),
(2163, 1004, 87),
(2163, 1005, 54),
(2163, 1006, 50),
(2163, 1007, 60),
(2163, 1008, 95),
(2163, 1009, 47),
(2163, 1010, 89),
(2164, 1001, 44),
(2164, 1002, 75),
(2164, 1003, 68),
(2164, 1004, 59),
(2164, 1005, 50),
(2164, 1006, 89),
(2164, 1007, 89),
(2164, 1008, 80),
(2164, 1009, 99),
(2164, 1010, 100),
(2165, 1001, 92),
(2165, 1002, 83),
(2165, 1003, 87),
(2165, 1004, 85),
(2165, 1005, 45),
(2165, 1006, 88),
(2165, 1007, 40),
(2165, 1008, 80),
(2165, 1009, 95),
(2165, 1010, 82),
(2166, 1001, 98),
(2166, 1002, 95),
(2166, 1003, 92),
(2166, 1004, 57),
(2166, 1005, 89),
(2166, 1006, 72),
(2166, 1007, 87),
(2166, 1008, 84),
(2166, 1009, 72),
(2166, 1010, 70),
(2167, 1001, 99),
(2167, 1002, 71),
(2167, 1003, 98),
(2167, 1004, 59),
(2167, 1005, 79),
(2167, 1006, 86),
(2167, 1007, 72),
(2167, 1008, 90),
(2167, 1009, 93),
(2167, 1010, 60),
(2168, 1001, 49),
(2168, 1002, 74),
(2168, 1003, 46),
(2168, 1004, 63),
(2168, 1005, 46),
(2168, 1006, 55),
(2168, 1007, 81),
(2168, 1008, 48),
(2168, 1009, 45),
(2168, 1010, 44),
(2169, 1001, 54),
(2169, 1002, 66),
(2169, 1003, 76),
(2169, 1004, 81),
(2169, 1005, 73),
(2169, 1006, 89),
(2169, 1007, 96),
(2169, 1008, 96),
(2169, 1009, 45),
(2169, 1010, 69),
(2170, 1001, 86),
(2170, 1002, 57),
(2170, 1003, 66),
(2170, 1004, 55),
(2170, 1005, 98),
(2170, 1006, 61),
(2170, 1007, 42),
(2170, 1008, 96),
(2170, 1009, 93),
(2170, 1010, 80),
(2171, 1001, 96),
(2171, 1002, 70),
(2171, 1003, 49),
(2171, 1004, 81),
(2171, 1005, 83),
(2171, 1006, 67),
(2171, 1007, 73),
(2171, 1008, 93),
(2171, 1009, 99),
(2171, 1010, 79),
(2172, 1001, 73),
(2172, 1002, 40),
(2172, 1003, 63),
(2172, 1004, 78),
(2172, 1005, 48),
(2172, 1006, 59),
(2172, 1007, 76),
(2172, 1008, 59),
(2172, 1009, 79),
(2172, 1010, 52),
(2173, 1001, 96),
(2173, 1002, 91),
(2173, 1003, 100),
(2173, 1004, 78),
(2173, 1005, 81),
(2173, 1006, 42),
(2173, 1007, 79),
(2173, 1008, 100),
(2173, 1009, 91),
(2173, 1010, 51),
(2174, 1001, 79),
(2174, 1002, 56),
(2174, 1003, 86),
(2174, 1004, 65),
(2174, 1005, 52),
(2174, 1006, 81),
(2174, 1007, 49),
(2174, 1008, 62),
(2174, 1009, 79),
(2174, 1010, 47),
(2175, 1001, 56),
(2175, 1002, 43),
(2175, 1003, 43),
(2175, 1004, 77),
(2175, 1005, 97),
(2175, 1006, 72),
(2175, 1007, 51),
(2175, 1008, 86),
(2175, 1009, 60),
(2175, 1010, 58),
(2176, 1001, 89),
(2176, 1002, 77),
(2176, 1003, 97),
(2176, 1004, 45),
(2176, 1005, 51),
(2176, 1006, 42),
(2176, 1007, 85),
(2176, 1008, 42),
(2176, 1009, 61),
(2176, 1010, 42),
(2177, 1001, 43),
(2177, 1002, 64),
(2177, 1003, 57),
(2177, 1004, 76),
(2177, 1005, 85),
(2177, 1006, 43),
(2177, 1007, 45),
(2177, 1008, 73),
(2177, 1009, 71),
(2177, 1010, 61),
(2178, 1001, 98),
(2178, 1002, 97),
(2178, 1003, 50),
(2178, 1004, 48),
(2178, 1005, 72),
(2178, 1006, 84),
(2178, 1007, 48),
(2178, 1008, 45),
(2178, 1009, 44),
(2178, 1010, 60),
(2179, 1001, 48),
(2179, 1002, 45),
(2179, 1003, 40),
(2179, 1004, 72),
(2179, 1005, 48),
(2179, 1006, 84),
(2179, 1007, 48),
(2179, 1008, 56),
(2179, 1009, 93),
(2179, 1010, 95),
(2180, 1001, 79),
(2180, 1002, 87),
(2180, 1003, 86),
(2180, 1004, 40),
(2180, 1005, 51),
(2180, 1006, 87),
(2180, 1007, 98),
(2180, 1008, 45),
(2180, 1009, 67),
(2180, 1010, 49),
(2181, 1001, 85),
(2181, 1002, 98),
(2181, 1003, 95),
(2181, 1004, 82),
(2181, 1005, 65),
(2181, 1006, 67),
(2181, 1007, 65),
(2181, 1008, 52),
(2181, 1009, 53),
(2181, 1010, 44),
(2182, 1001, 53),
(2182, 1002, 81),
(2182, 1003, 77),
(2182, 1004, 61),
(2182, 1005, 74),
(2182, 1006, 49),
(2182, 1007, 48),
(2182, 1008, 84),
(2182, 1009, 45),
(2182, 1010, 79),
(2183, 1001, 81),
(2183, 1002, 93),
(2183, 1003, 58),
(2183, 1004, 55),
(2183, 1005, 77),
(2183, 1006, 43),
(2183, 1007, 67),
(2183, 1008, 55),
(2183, 1009, 55),
(2183, 1010, 65),
(2184, 1001, 76),
(2184, 1002, 64),
(2184, 1003, 74),
(2184, 1004, 73),
(2184, 1005, 86),
(2184, 1006, 77),
(2184, 1007, 49),
(2184, 1008, 84),
(2184, 1009, 42),
(2184, 1010, 99),
(2185, 1001, 42),
(2185, 1002, 79),
(2185, 1003, 45),
(2185, 1004, 72),
(2185, 1005, 75),
(2185, 1006, 62),
(2185, 1007, 64),
(2185, 1008, 51),
(2185, 1009, 96),
(2185, 1010, 74),
(2186, 1001, 77),
(2186, 1002, 85),
(2186, 1003, 71),
(2186, 1004, 64),
(2186, 1005, 45),
(2186, 1006, 57),
(2186, 1007, 62),
(2186, 1008, 43),
(2186, 1009, 96),
(2186, 1010, 77),
(2187, 1001, 98),
(2187, 1002, 97),
(2187, 1003, 89),
(2187, 1004, 76),
(2187, 1005, 61),
(2187, 1006, 90),
(2187, 1007, 40),
(2187, 1008, 92),
(2187, 1009, 97),
(2187, 1010, 93),
(2188, 1001, 77),
(2188, 1002, 73),
(2188, 1003, 86),
(2188, 1004, 60),
(2188, 1005, 53),
(2188, 1006, 60),
(2188, 1007, 63),
(2188, 1008, 71),
(2188, 1009, 72),
(2188, 1010, 90),
(2189, 1001, 46),
(2189, 1002, 82),
(2189, 1003, 82),
(2189, 1004, 45),
(2189, 1005, 63),
(2189, 1006, 95),
(2189, 1007, 84),
(2189, 1008, 57),
(2189, 1009, 58),
(2189, 1010, 43),
(2190, 1001, 89),
(2190, 1002, 52),
(2190, 1003, 66),
(2190, 1004, 90),
(2190, 1005, 74),
(2190, 1006, 80),
(2190, 1007, 77),
(2190, 1008, 99),
(2190, 1009, 53),
(2190, 1010, 63),
(2191, 1001, 60),
(2191, 1002, 89),
(2191, 1003, 94),
(2191, 1004, 56),
(2191, 1005, 50),
(2191, 1006, 56),
(2191, 1007, 48),
(2191, 1008, 83),
(2191, 1009, 93),
(2191, 1010, 78),
(2192, 1001, 42),
(2192, 1002, 43),
(2192, 1003, 77),
(2192, 1004, 98),
(2192, 1005, 52),
(2192, 1006, 72),
(2192, 1007, 94),
(2192, 1008, 43),
(2192, 1009, 65),
(2192, 1010, 86),
(2193, 1001, 90),
(2193, 1002, 45),
(2193, 1003, 92),
(2193, 1004, 62),
(2193, 1005, 44),
(2193, 1006, 77),
(2193, 1007, 90),
(2193, 1008, 93),
(2193, 1009, 95),
(2193, 1010, 50),
(2194, 1001, 43),
(2194, 1002, 61),
(2194, 1003, 73),
(2194, 1004, 55),
(2194, 1005, 87),
(2194, 1006, 64),
(2194, 1007, 93),
(2194, 1008, 80),
(2194, 1009, 90),
(2194, 1010, 72),
(2195, 1001, 42),
(2195, 1002, 96),
(2195, 1003, 59),
(2195, 1004, 78),
(2195, 1005, 61),
(2195, 1006, 43),
(2195, 1007, 67),
(2195, 1008, 84),
(2195, 1009, 71),
(2195, 1010, 76),
(2196, 1001, 57),
(2196, 1002, 78),
(2196, 1003, 42),
(2196, 1004, 46),
(2196, 1005, 67),
(2196, 1006, 65),
(2196, 1007, 51),
(2196, 1008, 64),
(2196, 1009, 53),
(2196, 1010, 68),
(2197, 1001, 94),
(2197, 1002, 81),
(2197, 1003, 99),
(2197, 1004, 47),
(2197, 1005, 53),
(2197, 1006, 53),
(2197, 1007, 93),
(2197, 1008, 82),
(2197, 1009, 61),
(2197, 1010, 79),
(2198, 1001, 63),
(2198, 1002, 95),
(2198, 1003, 96),
(2198, 1004, 49),
(2198, 1005, 67),
(2198, 1006, 72),
(2198, 1007, 60),
(2198, 1008, 81),
(2198, 1009, 91),
(2198, 1010, 60),
(2199, 1001, 79),
(2199, 1002, 93),
(2199, 1003, 77),
(2199, 1004, 73),
(2199, 1005, 44),
(2199, 1006, 56),
(2199, 1007, 87),
(2199, 1008, 81),
(2199, 1009, 65),
(2199, 1010, 66),
(2200, 1001, 87),
(2200, 1002, 77),
(2200, 1003, 44),
(2200, 1004, 57),
(2200, 1005, 58),
(2200, 1006, 87),
(2200, 1007, 100),
(2200, 1008, 42),
(2200, 1009, 88),
(2200, 1010, 91),
(2201, 1001, 40),
(2201, 1002, 76),
(2201, 1003, 82),
(2201, 1004, 83),
(2201, 1005, 83),
(2201, 1006, 45),
(2201, 1007, 85),
(2201, 1008, 75),
(2201, 1009, 50),
(2201, 1010, 66),
(2202, 1001, 45),
(2202, 1002, 52),
(2202, 1003, 71),
(2202, 1004, 41),
(2202, 1005, 78),
(2202, 1006, 81),
(2202, 1007, 82),
(2202, 1008, 59),
(2202, 1009, 67),
(2202, 1010, 46),
(2203, 1001, 59),
(2203, 1002, 95),
(2203, 1003, 60),
(2203, 1004, 70),
(2203, 1005, 86),
(2203, 1006, 100),
(2203, 1007, 63),
(2203, 1008, 51),
(2203, 1009, 51),
(2203, 1010, 92),
(2204, 1001, 49),
(2204, 1002, 61),
(2204, 1003, 96),
(2204, 1004, 50),
(2204, 1005, 40),
(2204, 1006, 49),
(2204, 1007, 66),
(2204, 1008, 93),
(2204, 1009, 46),
(2204, 1010, 66),
(2205, 1001, 51),
(2205, 1002, 92),
(2205, 1003, 57),
(2205, 1004, 68),
(2205, 1005, 100),
(2205, 1006, 64),
(2205, 1007, 92),
(2205, 1008, 71),
(2205, 1009, 71),
(2205, 1010, 77),
(2206, 1001, 71),
(2206, 1002, 84),
(2206, 1003, 62),
(2206, 1004, 44),
(2206, 1005, 46),
(2206, 1006, 46),
(2206, 1007, 54),
(2206, 1008, 88),
(2206, 1009, 42),
(2206, 1010, 66),
(2207, 1001, 64),
(2207, 1002, 95),
(2207, 1003, 48),
(2207, 1004, 40),
(2207, 1005, 52),
(2207, 1006, 72),
(2207, 1007, 79),
(2207, 1008, 41),
(2207, 1009, 72),
(2207, 1010, 83),
(2208, 1001, 89),
(2208, 1002, 85),
(2208, 1003, 49),
(2208, 1004, 88),
(2208, 1005, 78),
(2208, 1006, 49),
(2208, 1007, 56),
(2208, 1008, 77),
(2208, 1009, 78),
(2208, 1010, 70),
(2209, 1001, 45),
(2209, 1002, 50),
(2209, 1003, 64),
(2209, 1004, 89),
(2209, 1005, 65),
(2209, 1006, 43),
(2209, 1007, 87),
(2209, 1008, 97),
(2209, 1009, 82),
(2209, 1010, 81),
(2210, 1001, 45),
(2210, 1002, 98),
(2210, 1003, 60),
(2210, 1004, 61),
(2210, 1005, 69),
(2210, 1006, 83),
(2210, 1007, 97),
(2210, 1008, 52),
(2210, 1009, 91),
(2210, 1010, 87),
(2211, 1001, 47),
(2211, 1002, 99),
(2211, 1003, 80),
(2211, 1004, 85),
(2211, 1005, 46),
(2211, 1006, 89),
(2211, 1007, 63),
(2211, 1008, 87),
(2211, 1009, 99),
(2211, 1010, 48),
(2212, 1001, 67),
(2212, 1002, 77),
(2212, 1003, 93),
(2212, 1004, 51),
(2212, 1005, 81),
(2212, 1006, 99),
(2212, 1007, 52),
(2212, 1008, 95),
(2212, 1009, 69),
(2212, 1010, 53),
(2213, 1001, 70),
(2213, 1002, 72),
(2213, 1003, 91),
(2213, 1004, 89),
(2213, 1005, 93),
(2213, 1006, 68),
(2213, 1007, 57),
(2213, 1008, 57),
(2213, 1009, 41),
(2213, 1010, 55),
(2214, 1001, 64),
(2214, 1002, 53),
(2214, 1003, 41),
(2214, 1004, 92),
(2214, 1005, 54),
(2214, 1006, 79),
(2214, 1007, 46),
(2214, 1008, 47),
(2214, 1009, 44),
(2214, 1010, 84),
(2215, 1001, 50),
(2215, 1002, 95),
(2215, 1003, 57),
(2215, 1004, 80),
(2215, 1005, 48),
(2215, 1006, 77),
(2215, 1007, 85),
(2215, 1008, 89),
(2215, 1009, 49),
(2215, 1010, 100);


SELECT Student_ID, AVG(Marks) AS AverageMarks
FROM Marks
GROUP BY Student_ID;

SELECT DISTINCT s.Name
FROM STUDENTS s
WHERE s.Student_ID IN (SELECT Student_ID FROM Marks WHERE Marks > 80);

SELECT s.Name, AVG(m.Marks) AS AverageMarks
FROM STUDENTS s
JOIN Marks m ON s.Student_ID = m.Student_ID
GROUP BY s.Name
ORDER BY AverageMarks DESC

SELECT s.Name, SUM(m.Marks) AS TotalMarks
FROM STUDENTS s
JOIN Marks m ON s.Student_ID = m.Student_ID
GROUP BY s.Name;

SELECT * FROM StudentTotalMarks;

ALTER TABLE STUDENTS ADD Grade VARCHAR(10);  

UPDATE STUDENTS SET Grade =  
CASE
    WHEN Student_Age < 21 THEN 'Undergrad'
    ELSE 'Postgrad'
END;

ALTER TABLE STUDENTS DROP COLUMN Student_Age;

Select*from STUDENTS;

SELECT s.Name, sub.Subject_Name
FROM STUDENTS s
JOIN Marks m ON s.Student_ID = m.Student_ID
JOIN Subjects sub ON m.SubjectID = sub.SubjectID
WHERE m.Marks < 50;

SELECT s.Name, sub.Subject_Name, m.Marks
FROM STUDENTS s
INNER JOIN Marks m ON s.Student_ID = m.Student_ID
INNER JOIN Subjects sub ON m.SubjectID = sub.SubjectID;

SELECT sub.Subject_Name, AVG(m.Marks) AS AverageScore
FROM Marks m
JOIN Subjects sub ON m.SubjectID = sub.SubjectID
GROUP BY sub.Subject_Name
HAVING AVG(m.Marks) > 75;

SELECT DISTINCT s.Name
FROM STUDENTS s
JOIN Marks m ON s.Student_ID = m.Student_ID
WHERE m.Marks < 40;


SELECT Grade, COUNT(*) AS NumberOfStudents
FROM STUDENTS
GROUP BY Grade;

SELECT s.Name, m.Marks
FROM STUDENTS s
LEFT JOIN Marks m ON s.Student_ID = m.Student_ID;

SELECT sub.Subject_Name, s.Name
FROM Marks m
RIGHT JOIN Subjects sub ON m.SubjectID = sub.SubjectID
LEFT JOIN STUDENTS s ON m.Student_ID = s.Student_ID;